{
    "1": {
        "load": {
            "block1": [
                2.0723726749420166,
                0.002794027328491211,
                0.0009324550628662109,
                0.001068115234375
            ]
        },
        "proc": {
            "block1": [
                3.434396743774414,
                1.3646631240844727,
                1.363872766494751,
                1.363527774810791
            ]
        },
        "throughput": {
            "block1": 2.1254705743555147
        },
        "au": {
            "block1": 99.70234180447822
        },
        "compute": {
            "block1": [
                1.3604,
                1.3604,
                1.3604,
                1.3604
            ]
        }
    },
    "2": {
        "load": {
            "block1": [
                1.6450533866882324,
                0.0017695426940917969,
                0.002846240997314453,
                0.0006022453308105469
            ]
        },
        "proc": {
            "block1": [
                3.274257183074951,
                1.3636255264282227,
                1.3646883964538574,
                1.3636555671691895
            ]
        },
        "throughput": {
            "block1": 2.1716749955528614
        },
        "au": {
            "block1": 99.70283836380449
        },
        "compute": {
            "block1": [
                1.3604,
                1.3604,
                1.3604,
                1.3604
            ]
        }
    },
    "3": {
        "load": {
            "block1": [
                2.2342329025268555,
                0.0005376338958740234,
                0.0005364418029785156,
                0.0005450248718261719
            ]
        },
        "proc": {
            "block1": [
                3.5961859226226807,
                1.3636138439178467,
                1.3635480403900146,
                1.364677906036377
            ]
        },
        "throughput": {
            "block1": 2.080805452466108
        },
        "au": {
            "block1": 99.70733660711304
        },
        "compute": {
            "block1": [
                1.3604,
                1.3604,
                1.3604,
                1.3604
            ]
        }
    },
    "4": {
        "load": {
            "block1": [
                1.5375852584838867,
                0.001596689224243164,
                0.0023946762084960938,
                0.0005638599395751953
            ]
        },
        "proc": {
            "block1": [
                3.815168857574463,
                1.363447904586792,
                1.3644392490386963,
                1.3633837699890137
            ]
        },
        "throughput": {
            "block1": 2.02335835051805
        },
        "au": {
            "block1": 99.72369969738214
        },
        "compute": {
            "block1": [
                1.3604,
                1.3604,
                1.3604,
                1.3604
            ]
        }
    },
    "5": {
        "load": {
            "block1": [
                1.7346019744873047,
                0.0016188621520996094,
                0.0024373531341552734,
                0.0005631446838378906
            ]
        },
        "proc": {
            "block1": [
                3.6632001399993896,
                1.363466739654541,
                1.3642735481262207,
                1.3624320030212402
            ]
        },
        "throughput": {
            "block1": 2.057954084246296
        },
        "au": {
            "block1": 99.25728444315622
        },
        "compute": {
            "block1": [
                1.3604,
                1.3604,
                1.3604,
                1.3604
            ]
        }
    },
    "hostname": "ubuntu"
}