{
    "1": {
        "load": {
            "block1": [
                1.548401117324829,
                0.001631021499633789,
                0.0015673637390136719,
                0.0015230178833007812
            ]
        },
        "proc": {
            "block1": [
                3.4346349239349365,
                1.364684820175171,
                1.3638854026794434,
                1.3635318279266357
            ]
        },
        "throughput": {
            "block1": 2.125440551013717
        },
        "au": {
            "block1": 99.70557236103618
        },
        "compute": {
            "block1": [
                1.3604,
                1.3604,
                1.3604,
                1.3604
            ]
        }
    },
    "2": {
        "load": {
            "block1": [
                1.720754861831665,
                0.0005488395690917969,
                0.0020928382873535156,
                0.0017523765563964844
            ]
        },
        "proc": {
            "block1": [
                3.274291515350342,
                1.3636884689331055,
                1.364778995513916,
                1.3635778427124023
            ]
        },
        "throughput": {
            "block1": 2.1717123129855773
        },
        "au": {
            "block1": 99.7067816290425
        },
        "compute": {
            "block1": [
                1.3604,
                1.3604,
                1.3604,
                1.3604
            ]
        }
    },
    "3": {
        "load": {
            "block1": [
                2.083453416824341,
                0.0004985332489013672,
                0.0017011165618896484,
                0.0028693675994873047
            ]
        },
        "proc": {
            "block1": [
                3.5964291095733643,
                1.3635752201080322,
                1.363553524017334,
                1.364725112915039
            ]
        },
        "throughput": {
            "block1": 2.0807795164237395
        },
        "au": {
            "block1": 99.71094688550872
        },
        "compute": {
            "block1": [
                1.3604,
                1.3604,
                1.3604,
                1.3604
            ]
        }
    },
    "4": {
        "load": {
            "block1": [
                2.393899440765381,
                0.0005023479461669922,
                0.0025527477264404297,
                0.0005099773406982422
            ]
        },
        "proc": {
            "block1": [
                3.8153135776519775,
                1.363400936126709,
                1.3643922805786133,
                1.363326072692871
            ]
        },
        "throughput": {
            "block1": 2.0233562763487747
        },
        "au": {
            "block1": 99.72704709142864
        },
        "compute": {
            "block1": [
                1.3604,
                1.3604,
                1.3604,
                1.3604
            ]
        }
    },
    "5": {
        "load": {
            "block1": [
                2.302356719970703,
                0.0005698204040527344,
                0.0007069110870361328,
                0.0005664825439453125
            ]
        },
        "proc": {
            "block1": [
                3.6633996963500977,
                1.363471508026123,
                1.364363193511963,
                1.3624382019042969
            ]
        },
        "throughput": {
            "block1": 2.0581107327706674
        },
        "au": {
            "block1": 99.27667362437836
        },
        "compute": {
            "block1": [
                1.3604,
                1.3604,
                1.3604,
                1.3604
            ]
        }
    },
    "hostname": "ubuntu"
}