{
    "1": {
        "load": {
            "block1": [
                1.3204307556152344,
                0.002632617950439453,
                0.002035856246948242,
                0.001669168472290039
            ]
        },
        "proc": {
            "block1": [
                3.434628963470459,
                1.3646926879882812,
                1.3638803958892822,
                1.3635222911834717
            ]
        },
        "throughput": {
            "block1": 2.1254406856456436
        },
        "au": {
            "block1": 99.70543799792436
        },
        "compute": {
            "block1": [
                1.3604,
                1.3604,
                1.3604,
                1.3604
            ]
        }
    },
    "2": {
        "load": {
            "block1": [
                1.9123830795288086,
                0.0005433559417724609,
                0.0016961097717285156,
                0.0016448497772216797
            ]
        },
        "proc": {
            "block1": [
                3.2743523120880127,
                1.363685131072998,
                1.3647739887237549,
                1.3636677265167236
            ]
        },
        "throughput": {
            "block1": 2.171691721475223
        },
        "au": {
            "block1": 99.70655963781428
        },
        "compute": {
            "block1": [
                1.3604,
                1.3604,
                1.3604,
                1.3604
            ]
        }
    },
    "3": {
        "load": {
            "block1": [
                1.7206416130065918,
                0.0017762184143066406,
                0.0005047321319580078,
                0.0018093585968017578
            ]
        },
        "proc": {
            "block1": [
                3.596457004547119,
                1.3636150360107422,
                1.363497018814087,
                1.3647398948669434
            ]
        },
        "throughput": {
            "block1": 2.080769193800685
        },
        "au": {
            "block1": 99.71069568490837
        },
        "compute": {
            "block1": [
                1.3604,
                1.3604,
                1.3604,
                1.3604
            ]
        }
    },
    "4": {
        "load": {
            "block1": [
                2.4533286094665527,
                0.0006673336029052734,
                0.0005354881286621094,
                0.001546621322631836
            ]
        },
        "proc": {
            "block1": [
                3.815300226211548,
                1.3634309768676758,
                1.3644464015960693,
                1.3633904457092285
            ]
        },
        "throughput": {
            "block1": 2.0233421233072275
        },
        "au": {
            "block1": 99.72536463159376
        },
        "compute": {
            "block1": [
                1.3604,
                1.3604,
                1.3604,
                1.3604
            ]
        }
    },
    "5": {
        "load": {
            "block1": [
                2.1356570720672607,
                0.0010726451873779297,
                0.001245260238647461,
                0.0005147457122802734
            ]
        },
        "proc": {
            "block1": [
                3.6634202003479004,
                1.3634397983551025,
                1.364363193511963,
                1.36238431930542
            ]
        },
        "throughput": {
            "block1": 2.0604047457472463
        },
        "au": {
            "block1": 99.48925943476516
        },
        "compute": {
            "block1": [
                1.3604,
                1.3604,
                1.3604,
                1.3604
            ]
        }
    },
    "hostname": "ubuntu"
}