{
    "1": {
        "load": {
            "block1": [
                1.3596172332763672,
                0.0005922317504882812,
                0.0005991458892822266,
                0.0005519390106201172,
                0.0015735626220703125,
                0.0016276836395263672
            ]
        },
        "proc": {
            "block1": [
                2.7216153144836426,
                1.3624670505523682,
                1.3624546527862549,
                1.3624250888824463,
                1.3641397953033447,
                1.363478660583496
            ]
        },
        "throughput": {
            "block1": 2.516181194908472
        },
        "au": {
            "block1": 99.78464446815103
        },
        "compute": {
            "block1": [
                1.3604,
                1.3604,
                1.3604,
                1.3604,
                1.3604,
                1.3604
            ]
        }
    },
    "2": {
        "load": {
            "block1": [
                1.7158839702606201,
                0.0005507469177246094,
                0.000579833984375,
                0.0006761550903320312,
                0.001661539077758789,
                0.0016021728515625
            ]
        },
        "proc": {
            "block1": [
                3.077820062637329,
                1.3624062538146973,
                1.3624439239501953,
                1.3635263442993164,
                1.3635225296020508,
                1.3634915351867676
            ]
        },
        "throughput": {
            "block1": 2.4254820228657685
        },
        "au": {
            "block1": 99.77770782645679
        },
        "compute": {
            "block1": [
                1.3604,
                1.3604,
                1.3604,
                1.3604,
                1.3604,
                1.3604
            ]
        }
    },
    "3": {
        "load": {
            "block1": [
                1.3624413013458252,
                0.0036754608154296875,
                0.0005648136138916016,
                0.0005695819854736328,
                0.001628875732421875,
                0.0015535354614257812
            ]
        },
        "proc": {
            "block1": [
                2.9273269176483154,
                1.3655269145965576,
                1.3624062538146973,
                1.3625235557556152,
                1.3647093772888184,
                1.3634099960327148
            ]
        },
        "throughput": {
            "block1": 2.4620935611879924
        },
        "au": {
            "block1": 99.72839072254679
        },
        "compute": {
            "block1": [
                1.3604,
                1.3604,
                1.3604,
                1.3604,
                1.3604,
                1.3604
            ]
        }
    },
    "4": {
        "load": {
            "block1": [
                1.403334140777588,
                0.0025305747985839844,
                0.0016794204711914062,
                0.0005831718444824219,
                0.0019147396087646484,
                0.0015532970428466797
            ]
        },
        "proc": {
            "block1": [
                2.9786345958709717,
                1.364380121231079,
                1.3636674880981445,
                1.362518072128296,
                1.364802360534668,
                1.3634052276611328
            ]
        },
        "throughput": {
            "block1": 2.4491725384097656
        },
        "au": {
            "block1": 99.72664867559276
        },
        "compute": {
            "block1": [
                1.3604,
                1.3604,
                1.3604,
                1.3604,
                1.3604,
                1.3604
            ]
        }
    },
    "5": {
        "load": {
            "block1": [
                1.2575500011444092,
                0.0027534961700439453,
                0.0005736351013183594,
                0.000568389892578125,
                0.0022003650665283203,
                0.0015330314636230469
            ]
        },
        "proc": {
            "block1": [
                2.788856029510498,
                1.3646190166473389,
                1.3624217510223389,
                1.3624286651611328,
                1.3644917011260986,
                1.3634026050567627
            ]
        },
        "throughput": {
            "block1": 2.4924803024117015
        },
        "au": {
            "block1": 99.4397717481219
        },
        "compute": {
            "block1": [
                1.3604,
                1.3604,
                1.3604,
                1.3604,
                1.3604,
                1.3604
            ]
        }
    },
    "hostname": "ubuntu"
}