{
    "1": {
        "load": {
            "block1": [
                1.3247747421264648,
                0.0005550384521484375,
                0.0005917549133300781,
                0.0005490779876708984,
                0.002276182174682617,
                0.0005548000335693359
            ]
        },
        "proc": {
            "block1": [
                2.7218449115753174,
                1.3624088764190674,
                1.3624553680419922,
                1.3624181747436523,
                1.3641400337219238,
                1.3634324073791504
            ]
        },
        "throughput": {
            "block1": 2.516141949351766
        },
        "au": {
            "block1": 99.78583270540942
        },
        "compute": {
            "block1": [
                1.3604,
                1.3604,
                1.3604,
                1.3604,
                1.3604,
                1.3604
            ]
        }
    },
    "2": {
        "load": {
            "block1": [
                1.6192984580993652,
                0.0005192756652832031,
                0.0005404949188232422,
                0.0016832351684570312,
                0.0016307830810546875,
                0.0016009807586669922
            ]
        },
        "proc": {
            "block1": [
                3.0779523849487305,
                1.362370491027832,
                1.3624053001403809,
                1.3635261058807373,
                1.3635599613189697,
                1.3634488582611084
            ]
        },
        "throughput": {
            "block1": 2.425491607389522
        },
        "au": {
            "block1": 99.78022801108447
        },
        "compute": {
            "block1": [
                1.3604,
                1.3604,
                1.3604,
                1.3604,
                1.3604,
                1.3604
            ]
        }
    },
    "3": {
        "load": {
            "block1": [
                1.565500020980835,
                0.002445220947265625,
                0.0005688667297363281,
                0.0005323886871337891,
                0.0027000904083251953,
                0.0005462169647216797
            ]
        },
        "proc": {
            "block1": [
                2.927459955215454,
                1.3655331134796143,
                1.362410068511963,
                1.362372636795044,
                1.3645479679107666,
                1.36326003074646
            ]
        },
        "throughput": {
            "block1": 2.46214047316016
        },
        "au": {
            "block1": 99.73307707421186
        },
        "compute": {
            "block1": [
                1.3604,
                1.3604,
                1.3604,
                1.3604,
                1.3604,
                1.3604
            ]
        }
    },
    "4": {
        "load": {
            "block1": [
                1.61415696144104,
                0.0005621910095214844,
                0.0017299652099609375,
                0.0005805492401123047,
                0.0029723644256591797,
                0.0006504058837890625
            ]
        },
        "proc": {
            "block1": [
                2.978868007659912,
                1.3644330501556396,
                1.3635754585266113,
                1.3624353408813477,
                1.3648333549499512,
                1.3633079528808594
            ]
        },
        "throughput": {
            "block1": 2.449134878609147
        },
        "au": {
            "block1": 99.72786495384838
        },
        "compute": {
            "block1": [
                1.3604,
                1.3604,
                1.3604,
                1.3604,
                1.3604,
                1.3604
            ]
        }
    },
    "5": {
        "load": {
            "block1": [
                1.4269678592681885,
                0.0005676746368408203,
                0.00057220458984375,
                0.00060272216796875,
                0.0026726722717285156,
                0.0005714893341064453
            ]
        },
        "proc": {
            "block1": [
                2.7889163494110107,
                1.364673137664795,
                1.3624753952026367,
                1.362499713897705,
                1.3645484447479248,
                1.3634603023529053
            ]
        },
        "throughput": {
            "block1": 2.4936998362476164
        },
        "au": {
            "block1": 99.50988826174066
        },
        "compute": {
            "block1": [
                1.3604,
                1.3604,
                1.3604,
                1.3604,
                1.3604,
                1.3604
            ]
        }
    },
    "hostname": "ubuntu"
}