{
    "1": {
        "load": {
            "block1": [
                2.209475517272949,
                0.0023136138916015625,
                0.0017898082733154297,
                0.0006465911865234375
            ]
        },
        "proc": {
            "block1": [
                3.5838375091552734,
                1.3649444580078125,
                1.3643615245819092,
                1.3624992370605469
            ]
        },
        "throughput": {
            "block1": 2.0841841411430537
        },
        "au": {
            "block1": 99.7101991255821
        },
        "compute": {
            "block1": [
                1.3604,
                1.3604,
                1.3604,
                1.3604
            ]
        }
    },
    "2": {
        "load": {
            "block1": [
                2.263474225997925,
                0.0005397796630859375,
                0.0005249977111816406,
                0.0005466938018798828
            ]
        },
        "proc": {
            "block1": [
                3.84578537940979,
                1.36244535446167,
                1.3624827861785889,
                1.3635106086730957
            ]
        },
        "throughput": {
            "block1": 2.016255240181646
        },
        "au": {
            "block1": 99.79129018449882
        },
        "compute": {
            "block1": [
                1.3604,
                1.3604,
                1.3604,
                1.3604
            ]
        }
    },
    "3": {
        "load": {
            "block1": [
                1.553234577178955,
                0.0026092529296875,
                0.0005712509155273438,
                0.0023238658905029297
            ]
        },
        "proc": {
            "block1": [
                3.344045639038086,
                1.3657805919647217,
                1.362457036972046,
                1.364168643951416
            ]
        },
        "throughput": {
            "block1": 2.148997367361612
        },
        "au": {
            "block1": 99.50781906981871
        },
        "compute": {
            "block1": [
                1.3604,
                1.3604,
                1.3604,
                1.3604
            ]
        }
    },
    "4": {
        "load": {
            "block1": [
                2.0565285682678223,
                0.0004944801330566406,
                0.0005197525024414062,
                0.0016922950744628906
            ]
        },
        "proc": {
            "block1": [
                3.569984197616577,
                1.365142822265625,
                1.3623809814453125,
                1.3635261058807373
            ]
        },
        "throughput": {
            "block1": 2.0881488808455817
        },
        "au": {
            "block1": 99.72790584696936
        },
        "compute": {
            "block1": [
                1.3604,
                1.3604,
                1.3604,
                1.3604
            ]
        }
    },
    "5": {
        "load": {
            "block1": [
                1.9202768802642822,
                0.0005409717559814453,
                0.0026810169219970703,
                0.0006473064422607422
            ]
        },
        "proc": {
            "block1": [
                3.282247304916382,
                1.3652329444885254,
                1.3645274639129639,
                1.3624956607818604
            ]
        },
        "throughput": {
            "block1": 2.163227583742839
        },
        "au": {
            "block1": 99.19366643064971
        },
        "compute": {
            "block1": [
                1.3604,
                1.3604,
                1.3604,
                1.3604
            ]
        }
    },
    "hostname": "ubuntu"
}