{
    "1": {
        "load": {
            "block1": [
                1.8304879665374756,
                0.0030760765075683594,
                0.0006377696990966797,
                0.0006468296051025391
            ]
        },
        "proc": {
            "block1": [
                3.5840017795562744,
                1.3649275302886963,
                1.3643546104431152,
                1.362499475479126
            ]
        },
        "throughput": {
            "block1": 2.0841660821834354
        },
        "au": {
            "block1": 99.71259429409704
        },
        "compute": {
            "block1": [
                1.3604,
                1.3604,
                1.3604,
                1.3604
            ]
        }
    },
    "2": {
        "load": {
            "block1": [
                2.3745028972625732,
                0.0005872249603271484,
                0.0005855560302734375,
                0.001604318618774414
            ]
        },
        "proc": {
            "block1": [
                3.845876932144165,
                1.362442970275879,
                1.3625435829162598,
                1.3634514808654785
            ]
        },
        "throughput": {
            "block1": 2.0162542709425924
        },
        "au": {
            "block1": 99.79343999428784
        },
        "compute": {
            "block1": [
                1.3604,
                1.3604,
                1.3604,
                1.3604
            ]
        }
    },
    "3": {
        "load": {
            "block1": [
                1.9822256565093994,
                0.003961324691772461,
                0.0005743503570556641,
                0.0005688667297363281
            ]
        },
        "proc": {
            "block1": [
                3.344187021255493,
                1.365807056427002,
                1.3624634742736816,
                1.3641021251678467
            ]
        },
        "throughput": {
            "block1": 2.1512080948083683
        },
        "au": {
            "block1": 99.69876073545467
        },
        "compute": {
            "block1": [
                1.3604,
                1.3604,
                1.3604,
                1.3604
            ]
        }
    },
    "4": {
        "load": {
            "block1": [
                1.5587835311889648,
                0.0033342838287353516,
                0.0005159378051757812,
                0.0010530948638916016
            ]
        },
        "proc": {
            "block1": [
                3.5701754093170166,
                1.3651692867279053,
                1.362375259399414,
                1.3635227680206299
            ]
        },
        "throughput": {
            "block1": 2.088143358026594
        },
        "au": {
            "block1": 99.73209447093329
        },
        "compute": {
            "block1": [
                1.3604,
                1.3604,
                1.3604,
                1.3604
            ]
        }
    },
    "5": {
        "load": {
            "block1": [
                1.562753438949585,
                0.0032002925872802734,
                0.002342700958251953,
                0.0006015300750732422
            ]
        },
        "proc": {
            "block1": [
                3.2824974060058594,
                1.365234136581421,
                1.3645057678222656,
                1.3624801635742188
            ]
        },
        "throughput": {
            "block1": 2.163426264987485
        },
        "au": {
            "block1": 99.2164380571649
        },
        "compute": {
            "block1": [
                1.3604,
                1.3604,
                1.3604,
                1.3604
            ]
        }
    },
    "hostname": "ubuntu"
}