{
    "1": {
        "load": {
            "block1": [
                2.2220940589904785,
                0.0005321502685546875,
                0.0025136470794677734,
                0.0005743503570556641
            ]
        },
        "proc": {
            "block1": [
                3.584043502807617,
                1.3649451732635498,
                1.364361047744751,
                1.3625051975250244
            ]
        },
        "throughput": {
            "block1": 2.0841511951043885
        },
        "au": {
            "block1": 99.71227299100357
        },
        "compute": {
            "block1": [
                1.3604,
                1.3604,
                1.3604,
                1.3604
            ]
        }
    },
    "2": {
        "load": {
            "block1": [
                2.483879566192627,
                0.0005476474761962891,
                0.0006775856018066406,
                0.0005400180816650391
            ]
        },
        "proc": {
            "block1": [
                3.8458287715911865,
                1.3624584674835205,
                1.3625328540802002,
                1.36350417137146
            ]
        },
        "throughput": {
            "block1": 2.0162797137765733
        },
        "au": {
            "block1": 99.79471352291284
        },
        "compute": {
            "block1": [
                1.3604,
                1.3604,
                1.3604,
                1.3604
            ]
        }
    },
    "3": {
        "load": {
            "block1": [
                1.7411556243896484,
                0.002862215042114258,
                0.0005850791931152344,
                0.0018858909606933594
            ]
        },
        "proc": {
            "block1": [
                3.3441686630249023,
                1.3657042980194092,
                1.3624796867370605,
                1.3640291690826416
            ]
        },
        "throughput": {
            "block1": 2.1511906485637056
        },
        "au": {
            "block1": 99.69683291689387
        },
        "compute": {
            "block1": [
                1.3604,
                1.3604,
                1.3604,
                1.3604
            ]
        }
    },
    "4": {
        "load": {
            "block1": [
                2.2081732749938965,
                0.0005407333374023438,
                0.0004706382751464844,
                0.0015621185302734375
            ]
        },
        "proc": {
            "block1": [
                3.570115804672241,
                1.3651888370513916,
                1.362333059310913,
                1.3634834289550781
            ]
        },
        "throughput": {
            "block1": 2.088161161100736
        },
        "au": {
            "block1": 99.73223467591953
        },
        "compute": {
            "block1": [
                1.3604,
                1.3604,
                1.3604,
                1.3604
            ]
        }
    },
    "5": {
        "load": {
            "block1": [
                1.2762179374694824,
                0.003345489501953125,
                0.0005643367767333984,
                0.0005764961242675781
            ]
        },
        "proc": {
            "block1": [
                3.282510280609131,
                1.3651974201202393,
                1.3645226955413818,
                1.3624510765075684
            ]
        },
        "throughput": {
            "block1": 2.163928395877329
        },
        "au": {
            "block1": 99.25880333050716
        },
        "compute": {
            "block1": [
                1.3604,
                1.3604,
                1.3604,
                1.3604
            ]
        }
    },
    "hostname": "ubuntu"
}