{
    "1": {
        "load": {
            "block1": [
                1.9985532760620117,
                0.0005726814270019531,
                0.0005574226379394531
            ]
        },
        "proc": {
            "block1": [
                3.998654365539551,
                1.3637824058532715,
                1.362436294555664
            ]
        },
        "throughput": {
            "block1": 1.7841372387301995
        },
        "au": {
            "block1": 99.76162806709739
        },
        "compute": {
            "block1": [
                1.3604,
                1.3604,
                1.3604
            ]
        }
    },
    "2": {
        "load": {
            "block1": [
                2.0410542488098145,
                0.0005736351013183594,
                0.0017893314361572266
            ]
        },
        "proc": {
            "block1": [
                3.4030022621154785,
                1.363893985748291,
                1.3636584281921387
            ]
        },
        "throughput": {
            "block1": 1.9570125340740576
        },
        "au": {
            "block1": 99.70622957190918
        },
        "compute": {
            "block1": [
                1.3604,
                1.3604,
                1.3604
            ]
        }
    },
    "3": {
        "load": {
            "block1": [
                1.4107322692871094,
                0.0030715465545654297,
                0.0005340576171875
            ]
        },
        "proc": {
            "block1": [
                3.4116311073303223,
                1.3649210929870605,
                1.3636384010314941
            ]
        },
        "throughput": {
            "block1": 1.953996212640315
        },
        "au": {
            "block1": 99.67548086586436
        },
        "compute": {
            "block1": [
                1.3604,
                1.3604,
                1.3604
            ]
        }
    },
    "4": {
        "load": {
            "block1": [
                1.9150035381317139,
                0.0005412101745605469,
                0.0005602836608886719
            ]
        },
        "proc": {
            "block1": [
                3.277040958404541,
                1.3645460605621338,
                1.3635554313659668
            ]
        },
        "throughput": {
            "block1": 1.9979252108946832
        },
        "au": {
            "block1": 99.69163949052854
        },
        "compute": {
            "block1": [
                1.3604,
                1.3604,
                1.3604
            ]
        }
    },
    "5": {
        "load": {
            "block1": [
                2.133364200592041,
                0.002191305160522461,
                0.0005574226379394531
            ]
        },
        "proc": {
            "block1": [
                3.4952902793884277,
                1.3652567863464355,
                1.363724946975708
            ]
        },
        "throughput": {
            "block1": 1.9224428012737438
        },
        "au": {
            "block1": 99.04557491393344
        },
        "compute": {
            "block1": [
                1.3604,
                1.3604,
                1.3604
            ]
        }
    },
    "hostname": "ubuntu"
}