{
    "1": {
        "load": {
            "block1": [
                2.3403637409210205,
                0.0019147396087646484,
                0.0005617141723632812
            ]
        },
        "proc": {
            "block1": [
                3.999058723449707,
                1.363762617111206,
                1.3624391555786133
            ]
        },
        "throughput": {
            "block1": 1.7840798787900443
        },
        "au": {
            "block1": 99.76854192548136
        },
        "compute": {
            "block1": [
                1.3604,
                1.3604,
                1.3604
            ]
        }
    },
    "2": {
        "load": {
            "block1": [
                1.955451250076294,
                0.0009667873382568359,
                0.0017900466918945312
            ]
        },
        "proc": {
            "block1": [
                3.403244733810425,
                1.3638904094696045,
                1.3636524677276611
            ]
        },
        "throughput": {
            "block1": 1.9570618437345257
        },
        "au": {
            "block1": 99.72081965328981
        },
        "compute": {
            "block1": [
                1.3604,
                1.3604,
                1.3604
            ]
        }
    },
    "3": {
        "load": {
            "block1": [
                2.03800106048584,
                0.0004975795745849609,
                0.0018210411071777344
            ]
        },
        "proc": {
            "block1": [
                3.403810739517212,
                1.3647739887237549,
                1.3636775016784668
            ]
        },
        "throughput": {
            "block1": 1.9565312866242366
        },
        "au": {
            "block1": 99.68051071974573
        },
        "compute": {
            "block1": [
                1.3604,
                1.3604,
                1.3604
            ]
        }
    },
    "4": {
        "load": {
            "block1": [
                1.3079040050506592,
                0.0016911029815673828,
                0.0016701221466064453
            ]
        },
        "proc": {
            "block1": [
                3.2771551609039307,
                1.3645658493041992,
                1.3635225296020508
            ]
        },
        "throughput": {
            "block1": 1.9978844473857111
        },
        "au": {
            "block1": 99.69133279212116
        },
        "compute": {
            "block1": [
                1.3604,
                1.3604,
                1.3604
            ]
        }
    },
    "5": {
        "load": {
            "block1": [
                1.516509771347046,
                0.0033724308013916016,
                0.0007634162902832031
            ]
        },
        "proc": {
            "block1": [
                3.495422840118408,
                1.3652405738830566,
                1.3637115955352783
            ]
        },
        "throughput": {
            "block1": 1.921189677125121
        },
        "au": {
            "block1": 98.90080450282872
        },
        "compute": {
            "block1": [
                1.3604,
                1.3604,
                1.3604
            ]
        }
    },
    "hostname": "ubuntu"
}