{
    "1": {
        "load": {
            "block1": [
                2.523512125015259,
                0.0005271434783935547,
                0.0005505084991455078
            ]
        },
        "proc": {
            "block1": [
                3.9990735054016113,
                1.3637440204620361,
                1.3624260425567627
            ]
        },
        "throughput": {
            "block1": 1.7840779183721576
        },
        "au": {
            "block1": 99.76881357264219
        },
        "compute": {
            "block1": [
                1.3604,
                1.3604,
                1.3604
            ]
        }
    },
    "2": {
        "load": {
            "block1": [
                1.9496800899505615,
                0.0018770694732666016,
                0.0005171298980712891
            ]
        },
        "proc": {
            "block1": [
                3.403146982192993,
                1.3637290000915527,
                1.36354398727417
            ]
        },
        "throughput": {
            "block1": 1.957070062252854
        },
        "au": {
            "block1": 99.71817328417453
        },
        "compute": {
            "block1": [
                1.3604,
                1.3604,
                1.3604
            ]
        }
    },
    "3": {
        "load": {
            "block1": [
                1.9232873916625977,
                0.0005207061767578125,
                0.0017549991607666016
            ]
        },
        "proc": {
            "block1": [
                3.41166353225708,
                1.3649280071258545,
                1.3636550903320312
            ]
        },
        "throughput": {
            "block1": 1.9540330048778567
        },
        "au": {
            "block1": 99.68092257189282
        },
        "compute": {
            "block1": [
                1.3604,
                1.3604,
                1.3604
            ]
        }
    },
    "4": {
        "load": {
            "block1": [
                1.7861437797546387,
                0.002095460891723633,
                0.0016980171203613281
            ]
        },
        "proc": {
            "block1": [
                3.277158260345459,
                1.3645353317260742,
                1.3635468482971191
            ]
        },
        "throughput": {
            "block1": 1.997947972566012
        },
        "au": {
            "block1": 99.69846572079612
        },
        "compute": {
            "block1": [
                1.3604,
                1.3604,
                1.3604
            ]
        }
    },
    "5": {
        "load": {
            "block1": [
                2.1312663555145264,
                0.0005433559417724609,
                0.0005779266357421875
            ]
        },
        "proc": {
            "block1": [
                3.495455265045166,
                1.365257740020752,
                1.3637337684631348
            ]
        },
        "throughput": {
            "block1": 1.9211670175013233
        },
        "au": {
            "block1": 98.89928853641501
        },
        "compute": {
            "block1": [
                1.3604,
                1.3604,
                1.3604
            ]
        }
    },
    "hostname": "ubuntu"
}