{
    "1": {
        "load": {
            "block1": [
                2.63586163520813,
                0.0005052089691162109,
                0.0005698204040527344
            ]
        },
        "proc": {
            "block1": [
                3.999068260192871,
                1.3637595176696777,
                1.3624324798583984
            ]
        },
        "throughput": {
            "block1": 1.78407210038315
        },
        "au": {
            "block1": 99.76781461211523
        },
        "compute": {
            "block1": [
                1.3604,
                1.3604,
                1.3604
            ]
        }
    },
    "2": {
        "load": {
            "block1": [
                2.0365242958068848,
                0.0005698204040527344,
                0.0017778873443603516
            ]
        },
        "proc": {
            "block1": [
                3.4032342433929443,
                1.3638672828674316,
                1.3636350631713867
            ]
        },
        "throughput": {
            "block1": 1.9570707471324973
        },
        "au": {
            "block1": 99.72145933853953
        },
        "compute": {
            "block1": [
                1.3604,
                1.3604,
                1.3604
            ]
        }
    },
    "3": {
        "load": {
            "block1": [
                1.7424368858337402,
                0.0023345947265625,
                0.0005443096160888672
            ]
        },
        "proc": {
            "block1": [
                3.411724090576172,
                1.3649413585662842,
                1.3634779453277588
            ]
        },
        "throughput": {
            "block1": 1.9539440231418903
        },
        "au": {
            "block1": 99.67286954799563
        },
        "compute": {
            "block1": [
                1.3604,
                1.3604,
                1.3604
            ]
        }
    },
    "4": {
        "load": {
            "block1": [
                1.602018117904663,
                0.0026853084564208984,
                0.0005581378936767578
            ]
        },
        "proc": {
            "block1": [
                3.277147054672241,
                1.3645274639129639,
                1.3635716438293457
            ]
        },
        "throughput": {
            "block1": 1.9979457518923198
        },
        "au": {
            "block1": 99.69780850992312
        },
        "compute": {
            "block1": [
                1.3604,
                1.3604,
                1.3604
            ]
        }
    },
    "5": {
        "load": {
            "block1": [
                1.6552197933197021,
                0.0024232864379882812,
                0.0018582344055175781
            ]
        },
        "proc": {
            "block1": [
                3.4954702854156494,
                1.365225076675415,
                1.3636953830718994
            ]
        },
        "throughput": {
            "block1": 1.9225636724752444
        },
        "au": {
            "block1": 99.0666144246811
        },
        "compute": {
            "block1": [
                1.3604,
                1.3604,
                1.3604
            ]
        }
    },
    "hostname": "ubuntu"
}