{
    "1": {
        "load": {
            "block1": [
                1.6726133823394775,
                0.0006165504455566406,
                0.0006060600280761719,
                0.0005812644958496094,
                0.002256155014038086,
                0.0005958080291748047
            ]
        },
        "proc": {
            "block1": [
                3.034600019454956,
                1.362466812133789,
                1.3624529838562012,
                1.3635284900665283,
                1.3641159534454346,
                1.3625216484069824
            ]
        },
        "throughput": {
            "block1": 2.4361876001482092
        },
        "au": {
            "block1": 99.78156346357841
        },
        "compute": {
            "block1": [
                1.3604,
                1.3604,
                1.3604,
                1.3604,
                1.3604,
                1.3604
            ]
        }
    },
    "2": {
        "load": {
            "block1": [
                1.5666887760162354,
                0.0007081031799316406,
                0.0006549358367919922,
                0.0005862712860107422,
                0.002850770950317383,
                0.0005517005920410156
            ]
        },
        "proc": {
            "block1": [
                2.928640127182007,
                1.3625731468200684,
                1.3625805377960205,
                1.3635144233703613,
                1.3647098541259766,
                1.363450050354004
            ]
        },
        "throughput": {
            "block1": 2.4622361092640324
        },
        "au": {
            "block1": 99.75599357921283
        },
        "compute": {
            "block1": [
                1.3604,
                1.3604,
                1.3604,
                1.3604,
                1.3604,
                1.3604
            ]
        }
    },
    "3": {
        "load": {
            "block1": [
                1.4148075580596924,
                0.003228902816772461,
                0.0005762577056884766,
                0.0005717277526855469,
                0.001753091812133789,
                0.0015206336975097656
            ]
        },
        "proc": {
            "block1": [
                3.0738978385925293,
                1.3650639057159424,
                1.3625156879425049,
                1.3624248504638672,
                1.3642971515655518,
                1.3633625507354736
            ]
        },
        "throughput": {
            "block1": 2.4258625398889015
        },
        "au": {
            "block1": 99.74286338225143
        },
        "compute": {
            "block1": [
                1.3604,
                1.3604,
                1.3604,
                1.3604,
                1.3604,
                1.3604
            ]
        }
    },
    "4": {
        "load": {
            "block1": [
                1.371706485748291,
                0.0036978721618652344,
                0.0005900859832763672,
                0.0005772113800048828,
                0.0015172958374023438,
                0.0016856193542480469
            ]
        },
        "proc": {
            "block1": [
                2.886786460876465,
                1.3655524253845215,
                1.3635601997375488,
                1.3624653816223145,
                1.3640596866607666,
                1.3635327816009521
            ]
        },
        "throughput": {
            "block1": 2.472235015648175
        },
        "au": {
            "block1": 99.72025182309554
        },
        "compute": {
            "block1": [
                1.3604,
                1.3604,
                1.3604,
                1.3604,
                1.3604,
                1.3604
            ]
        }
    },
    "5": {
        "load": {
            "block1": [
                1.36336088180542,
                0.0029053688049316406,
                0.0007021427154541016,
                0.0005633831024169922,
                0.0015473365783691406,
                0.0017430782318115234
            ]
        },
        "proc": {
            "block1": [
                2.725292205810547,
                1.3647491931915283,
                1.3634936809539795,
                1.3624136447906494,
                1.3633918762207031,
                1.3635804653167725
            ]
        },
        "throughput": {
            "block1": 2.51093937761623
        },
        "au": {
            "block1": 99.54596300470027
        },
        "compute": {
            "block1": [
                1.3604,
                1.3604,
                1.3604,
                1.3604,
                1.3604,
                1.3604
            ]
        }
    },
    "hostname": "ubuntu"
}