{
    "1": {
        "load": {
            "block1": [
                1.6167685985565186,
                0.0005421638488769531,
                0.0005755424499511719,
                0.0016760826110839844,
                0.0022602081298828125,
                0.0006589889526367188
            ]
        },
        "proc": {
            "block1": [
                3.0348594188690186,
                1.362473964691162,
                1.3624451160430908,
                1.3635308742523193,
                1.3641183376312256,
                1.3625133037567139
            ]
        },
        "throughput": {
            "block1": 2.43615493728498
        },
        "au": {
            "block1": 99.78343520014471
        },
        "compute": {
            "block1": [
                1.3604,
                1.3604,
                1.3604,
                1.3604,
                1.3604,
                1.3604
            ]
        }
    },
    "2": {
        "load": {
            "block1": [
                1.552619457244873,
                0.0005500316619873047,
                0.0006997585296630859,
                0.0016682147979736328,
                0.0015215873718261719,
                0.0015180110931396484
            ]
        },
        "proc": {
            "block1": [
                2.928738832473755,
                1.3625836372375488,
                1.3625504970550537,
                1.3635098934173584,
                1.364640235900879,
                1.3633763790130615
            ]
        },
        "throughput": {
            "block1": 2.4622311104675396
        },
        "au": {
            "block1": 99.75715377547397
        },
        "compute": {
            "block1": [
                1.3604,
                1.3604,
                1.3604,
                1.3604,
                1.3604,
                1.3604
            ]
        }
    },
    "3": {
        "load": {
            "block1": [
                1.7120959758758545,
                0.0005645751953125,
                0.0006995201110839844,
                0.0005319118499755859,
                0.002489328384399414,
                0.0005800724029541016
            ]
        },
        "proc": {
            "block1": [
                3.0740268230438232,
                1.3650739192962646,
                1.3625564575195312,
                1.3623883724212646,
                1.3643410205841064,
                1.3634006977081299
            ]
        },
        "throughput": {
            "block1": 2.4258541800911466
        },
        "au": {
            "block1": 99.74425842186453
        },
        "compute": {
            "block1": [
                1.3604,
                1.3604,
                1.3604,
                1.3604,
                1.3604,
                1.3604
            ]
        }
    },
    "4": {
        "load": {
            "block1": [
                1.5249221324920654,
                0.0005588531494140625,
                0.0017604827880859375,
                0.0005450248718261719,
                0.0022482872009277344,
                0.0006215572357177734
            ]
        },
        "proc": {
            "block1": [
                2.886873483657837,
                1.3655548095703125,
                1.3636014461517334,
                1.3623902797698975,
                1.3640995025634766,
                1.3635780811309814
            ]
        },
        "throughput": {
            "block1": 2.4722436981707863
        },
        "au": {
            "block1": 99.7220324264208
        },
        "compute": {
            "block1": [
                1.3604,
                1.3604,
                1.3604,
                1.3604,
                1.3604,
                1.3604
            ]
        }
    },
    "5": {
        "load": {
            "block1": [
                1.3557794094085693,
                0.001871347427368164,
                0.0016260147094726562,
                0.0005886554718017578,
                0.0014586448669433594,
                0.0015027523040771484
            ]
        },
        "proc": {
            "block1": [
                2.7256197929382324,
                1.364767074584961,
                1.3634698390960693,
                1.3624534606933594,
                1.3633227348327637,
                1.3635046482086182
            ]
        },
        "throughput": {
            "block1": 2.5120676492191323
        },
        "au": {
            "block1": 99.61389232053368
        },
        "compute": {
            "block1": [
                1.3604,
                1.3604,
                1.3604,
                1.3604,
                1.3604,
                1.3604
            ]
        }
    },
    "hostname": "ubuntu"
}