{
    "1": {
        "load": {
            "block1": [
                1.604900598526001,
                0.0005538463592529297,
                0.0005180835723876953
            ]
        },
        "proc": {
            "block1": [
                3.301297187805176,
                1.3645844459533691,
                1.3635385036468506
            ]
        },
        "throughput": {
            "block1": 1.9899279652267026
        },
        "au": {
            "block1": 99.69597708229037
        },
        "compute": {
            "block1": [
                1.3604,
                1.3604,
                1.3604
            ]
        }
    },
    "2": {
        "load": {
            "block1": [
                2.1886823177337646,
                0.0005652904510498047,
                0.0006389617919921875
            ]
        },
        "proc": {
            "block1": [
                3.5504775047302246,
                1.3647079467773438,
                1.3635995388031006
            ]
        },
        "throughput": {
            "block1": 1.910881790868524
        },
        "au": {
            "block1": 99.68590861171597
        },
        "compute": {
            "block1": [
                1.3604,
                1.3604,
                1.3604
            ]
        }
    },
    "3": {
        "load": {
            "block1": [
                1.3743932247161865,
                0.0029332637786865234,
                0.0005753040313720703
            ]
        },
        "proc": {
            "block1": [
                3.042823076248169,
                1.3649330139160156,
                1.3637592792510986
            ]
        },
        "throughput": {
            "block1": 2.0787724467961333
        },
        "au": {
            "block1": 99.66868092403172
        },
        "compute": {
            "block1": [
                1.3604,
                1.3604,
                1.3604
            ]
        }
    },
    "4": {
        "load": {
            "block1": [
                1.539191722869873,
                0.004605531692504883,
                0.0005288124084472656
            ]
        },
        "proc": {
            "block1": [
                3.5155951976776123,
                1.3675670623779297,
                1.364102840423584
            ]
        },
        "throughput": {
            "block1": 1.9205129788161344
        },
        "au": {
            "block1": 99.56132771862988
        },
        "compute": {
            "block1": [
                1.3604,
                1.3604,
                1.3604
            ]
        }
    },
    "5": {
        "load": {
            "block1": [
                1.5516228675842285,
                0.003138303756713867,
                0.0005414485931396484
            ]
        },
        "proc": {
            "block1": [
                3.2417731285095215,
                1.3649837970733643,
                1.3633558750152588
            ]
        },
        "throughput": {
            "block1": 2.0032410606951423
        },
        "au": {
            "block1": 98.98120329962588
        },
        "compute": {
            "block1": [
                1.3604,
                1.3604,
                1.3604
            ]
        }
    },
    "hostname": "ubuntu"
}