{
    "1": {
        "load": {
            "block1": [
                1.133061408996582,
                0.0026395320892333984,
                0.00054931640625
            ]
        },
        "proc": {
            "block1": [
                3.301544666290283,
                1.364488124847412,
                1.3635661602020264
            ]
        },
        "throughput": {
            "block1": 1.989881784412837
        },
        "au": {
            "block1": 99.69992911034001
        },
        "compute": {
            "block1": [
                1.3604,
                1.3604,
                1.3604
            ]
        }
    },
    "2": {
        "load": {
            "block1": [
                1.5981221199035645,
                0.0004885196685791016,
                0.0016372203826904297
            ]
        },
        "proc": {
            "block1": [
                3.550499200820923,
                1.3646044731140137,
                1.3634872436523438
            ]
        },
        "throughput": {
            "block1": 1.910927424760503
        },
        "au": {
            "block1": 99.6922178360968
        },
        "compute": {
            "block1": [
                1.3604,
                1.3604,
                1.3604
            ]
        }
    },
    "3": {
        "load": {
            "block1": [
                1.4995405673980713,
                0.0015206336975097656,
                0.0018477439880371094
            ]
        },
        "proc": {
            "block1": [
                3.042975425720215,
                1.36488676071167,
                1.363703727722168
            ]
        },
        "throughput": {
            "block1": 2.0787557907849745
        },
        "au": {
            "block1": 99.67258037521151
        },
        "compute": {
            "block1": [
                1.3604,
                1.3604,
                1.3604
            ]
        }
    },
    "4": {
        "load": {
            "block1": [
                2.0388288497924805,
                0.0005288124084472656,
                0.002262592315673828
            ]
        },
        "proc": {
            "block1": [
                3.515848398208618,
                1.3675215244293213,
                1.3641111850738525
            ]
        },
        "throughput": {
            "block1": 1.920482201150817
        },
        "au": {
            "block1": 99.56695344370277
        },
        "compute": {
            "block1": [
                1.3604,
                1.3604,
                1.3604
            ]
        }
    },
    "5": {
        "load": {
            "block1": [
                1.7676658630371094,
                0.002190113067626953,
                0.0016322135925292969
            ]
        },
        "proc": {
            "block1": [
                3.241837501525879,
                1.3650968074798584,
                1.3635125160217285
            ]
        },
        "throughput": {
            "block1": 2.0025062934846036
        },
        "au": {
            "block1": 98.90278489825937
        },
        "compute": {
            "block1": [
                1.3604,
                1.3604,
                1.3604
            ]
        }
    },
    "hostname": "ubuntu"
}