{
    "1": {
        "load": {
            "block1": [
                1.9145092964172363,
                0.0016703605651855469,
                0.0016756057739257812
            ]
        },
        "proc": {
            "block1": [
                3.3014986515045166,
                1.3645076751708984,
                1.363555669784546
            ]
        },
        "throughput": {
            "block1": 1.9898809190347404
        },
        "au": {
            "block1": 99.69814149676544
        },
        "compute": {
            "block1": [
                1.3604,
                1.3604,
                1.3604
            ]
        }
    },
    "2": {
        "load": {
            "block1": [
                1.654468297958374,
                0.0022554397583007812,
                0.0017368793487548828
            ]
        },
        "proc": {
            "block1": [
                3.5505521297454834,
                1.3646578788757324,
                1.3635728359222412
            ]
        },
        "throughput": {
            "block1": 1.9109160342208684
        },
        "au": {
            "block1": 99.6927874188534
        },
        "compute": {
            "block1": [
                1.3604,
                1.3604,
                1.3604
            ]
        }
    },
    "3": {
        "load": {
            "block1": [
                1.5102488994598389,
                0.0031037330627441406,
                0.0005908012390136719
            ]
        },
        "proc": {
            "block1": [
                3.0429515838623047,
                1.3649559020996094,
                1.3637871742248535
            ]
        },
        "throughput": {
            "block1": 2.078793395972642
        },
        "au": {
            "block1": 99.67554220554584
        },
        "compute": {
            "block1": [
                1.3604,
                1.3604,
                1.3604
            ]
        }
    },
    "4": {
        "load": {
            "block1": [
                1.7840700149536133,
                0.0029942989349365234,
                0.0016405582427978516
            ]
        },
        "proc": {
            "block1": [
                3.516484498977661,
                1.3669147491455078,
                1.3639051914215088
            ]
        },
        "throughput": {
            "block1": 1.920492313703464
        },
        "au": {
            "block1": 99.59154189316465
        },
        "compute": {
            "block1": [
                1.3604,
                1.3604,
                1.3604
            ]
        }
    },
    "5": {
        "load": {
            "block1": [
                1.4388809204101562,
                0.0028858184814453125,
                0.001199960708618164
            ]
        },
        "proc": {
            "block1": [
                3.241959810256958,
                1.3651037216186523,
                1.36350417137146
            ]
        },
        "throughput": {
            "block1": 2.003381635685853
        },
        "au": {
            "block1": 99.00351341806136
        },
        "compute": {
            "block1": [
                1.3604,
                1.3604,
                1.3604
            ]
        }
    },
    "hostname": "ubuntu"
}