{
    "1": {
        "load": {
            "block1": [
                1.9395360946655273,
                0.0005557537078857422,
                0.0016977787017822266
            ]
        },
        "proc": {
            "block1": [
                3.3015027046203613,
                1.3645012378692627,
                1.3635504245758057
            ]
        },
        "throughput": {
            "block1": 1.9898834365003837
        },
        "au": {
            "block1": 99.6985708745358
        },
        "compute": {
            "block1": [
                1.3604,
                1.3604,
                1.3604
            ]
        }
    },
    "2": {
        "load": {
            "block1": [
                1.9907963275909424,
                0.002867460250854492,
                0.0013127326965332031
            ]
        },
        "proc": {
            "block1": [
                3.55045747756958,
                1.3647146224975586,
                1.3635962009429932
            ]
        },
        "throughput": {
            "block1": 1.91094585305486
        },
        "au": {
            "block1": 99.69291009821636
        },
        "compute": {
            "block1": [
                1.3604,
                1.3604,
                1.3604
            ]
        }
    },
    "3": {
        "load": {
            "block1": [
                1.67000412940979,
                0.002730131149291992,
                0.0006442070007324219
            ]
        },
        "proc": {
            "block1": [
                3.0319535732269287,
                1.3649451732635498,
                1.3637464046478271
            ]
        },
        "throughput": {
            "block1": 2.0827615064977714
        },
        "au": {
            "block1": 99.67554220554584
        },
        "compute": {
            "block1": [
                1.3604,
                1.3604,
                1.3604
            ]
        }
    },
    "4": {
        "load": {
            "block1": [
                2.1541473865509033,
                0.0005517005920410156,
                0.0005266666412353516
            ]
        },
        "proc": {
            "block1": [
                3.516468048095703,
                1.3669579029083252,
                1.3640985488891602
            ]
        },
        "throughput": {
            "block1": 1.920495171618079
        },
        "au": {
            "block1": 99.59127900881545
        },
        "compute": {
            "block1": [
                1.3604,
                1.3604,
                1.3604
            ]
        }
    },
    "5": {
        "load": {
            "block1": [
                1.8799026012420654,
                0.0017528533935546875,
                0.0016717910766601562
            ]
        },
        "proc": {
            "block1": [
                3.241879940032959,
                1.365105152130127,
                1.3635098934173584
            ]
        },
        "throughput": {
            "block1": 2.003338735497216
        },
        "au": {
            "block1": 98.99586348349962
        },
        "compute": {
            "block1": [
                1.3604,
                1.3604,
                1.3604
            ]
        }
    },
    "hostname": "ubuntu"
}