{
    "1": {
        "load": {
            "block1": [
                2.5220019817352295,
                0.0005624294281005859,
                0.0005581378936767578,
                0.000545501708984375
            ]
        },
        "proc": {
            "block1": [
                3.88396954536438,
                1.3643443584442139,
                1.3624422550201416,
                1.3624725341796875
            ]
        },
        "throughput": {
            "block1": 2.006398999360698
        },
        "au": {
            "block1": 99.7717315889183
        },
        "compute": {
            "block1": [
                1.3604,
                1.3604,
                1.3604,
                1.3604
            ]
        }
    },
    "2": {
        "load": {
            "block1": [
                1.7837073802947998,
                0.0005564689636230469,
                0.0016951560974121094,
                0.001073598861694336
            ]
        },
        "proc": {
            "block1": [
                3.5417120456695557,
                1.3625156879425049,
                1.3635342121124268,
                1.3636105060577393
            ]
        },
        "throughput": {
            "block1": 2.09626226768376
        },
        "au": {
            "block1": 99.76181792801623
        },
        "compute": {
            "block1": [
                1.3604,
                1.3604,
                1.3604,
                1.3604
            ]
        }
    },
    "3": {
        "load": {
            "block1": [
                1.9447686672210693,
                0.0006887912750244141,
                0.0005204677581787109,
                0.0016207695007324219
            ]
        },
        "proc": {
            "block1": [
                3.3067586421966553,
                1.3663921356201172,
                1.3624382019042969,
                1.3634634017944336
            ]
        },
        "throughput": {
            "block1": 2.162012580091422
        },
        "au": {
            "block1": 99.69241061795286
        },
        "compute": {
            "block1": [
                1.3604,
                1.3604,
                1.3604,
                1.3604
            ]
        }
    },
    "4": {
        "load": {
            "block1": [
                2.305711269378662,
                0.0022890567779541016,
                0.0006811618804931641,
                0.001819610595703125
            ]
        },
        "proc": {
            "block1": [
                3.6882505416870117,
                1.3658299446105957,
                1.3625884056091309,
                1.3636853694915771
            ]
        },
        "throughput": {
            "block1": 2.0560555614379776
        },
        "au": {
            "block1": 99.69517966643112
        },
        "compute": {
            "block1": [
                1.3604,
                1.3604,
                1.3604,
                1.3604
            ]
        }
    },
    "5": {
        "load": {
            "block1": [
                1.914569616317749,
                0.001605987548828125,
                0.0005326271057128906,
                0.0016086101531982422
            ]
        },
        "proc": {
            "block1": [
                3.470353126525879,
                1.3634438514709473,
                1.3635797500610352,
                1.363821029663086
            ]
        },
        "throughput": {
            "block1": 2.1118199091565355
        },
        "au": {
            "block1": 99.3910984187737
        },
        "compute": {
            "block1": [
                1.3604,
                1.3604,
                1.3604,
                1.3604
            ]
        }
    },
    "hostname": "ubuntu"
}