{
    "1": {
        "load": {
            "block1": [
                2.213195323944092,
                0.0024929046630859375,
                0.000553131103515625,
                0.0005350112915039062
            ]
        },
        "proc": {
            "block1": [
                3.8840842247009277,
                1.364333152770996,
                1.3624293804168701,
                1.3624632358551025
            ]
        },
        "throughput": {
            "block1": 2.0064120165514603
        },
        "au": {
            "block1": 99.77580921726812
        },
        "compute": {
            "block1": [
                1.3604,
                1.3604,
                1.3604,
                1.3604
            ]
        }
    },
    "2": {
        "load": {
            "block1": [
                2.179886817932129,
                0.0005552768707275391,
                0.0006978511810302734,
                0.001773834228515625
            ]
        },
        "proc": {
            "block1": [
                3.541837692260742,
                1.3625457286834717,
                1.3635082244873047,
                1.3636183738708496
            ]
        },
        "throughput": {
            "block1": 2.0962792927269467
        },
        "au": {
            "block1": 99.76641548319002
        },
        "compute": {
            "block1": [
                1.3604,
                1.3604,
                1.3604,
                1.3604
            ]
        }
    },
    "3": {
        "load": {
            "block1": [
                1.794269323348999,
                0.0032148361206054688,
                0.000652313232421875,
                0.0005548000335693359
            ]
        },
        "proc": {
            "block1": [
                3.30686616897583,
                1.3663983345031738,
                1.362497329711914,
                1.3634576797485352
            ]
        },
        "throughput": {
            "block1": 2.1620412772915616
        },
        "au": {
            "block1": 99.6974521555831
        },
        "compute": {
            "block1": [
                1.3604,
                1.3604,
                1.3604,
                1.3604
            ]
        }
    },
    "4": {
        "load": {
            "block1": [
                2.326561450958252,
                0.0017402172088623047,
                0.0005927085876464844,
                0.0006189346313476562
            ]
        },
        "proc": {
            "block1": [
                3.688511610031128,
                1.3658607006072998,
                1.3626718521118164,
                1.3636696338653564
            ]
        },
        "throughput": {
            "block1": 2.056051592909354
        },
        "au": {
            "block1": 99.70120848083944
        },
        "compute": {
            "block1": [
                1.3604,
                1.3604,
                1.3604,
                1.3604
            ]
        }
    },
    "5": {
        "load": {
            "block1": [
                1.6399190425872803,
                0.001161336898803711,
                0.0017194747924804688,
                0.0019555091857910156
            ]
        },
        "proc": {
            "block1": [
                3.4705185890197754,
                1.3634490966796875,
                1.363574743270874,
                1.363811731338501
            ]
        },
        "throughput": {
            "block1": 2.112793006628068
        },
        "au": {
            "block1": 99.48065435373466
        },
        "compute": {
            "block1": [
                1.3604,
                1.3604,
                1.3604,
                1.3604
            ]
        }
    },
    "hostname": "ubuntu"
}