{
    "1": {
        "load": {
            "block1": [
                2.2638156414031982,
                0.0016775131225585938,
                0.0005095005035400391,
                0.0004980564117431641
            ]
        },
        "proc": {
            "block1": [
                3.8842074871063232,
                1.3642163276672363,
                1.3623697757720947,
                1.3623502254486084
            ]
        },
        "throughput": {
            "block1": 2.006332956216476
        },
        "au": {
            "block1": 99.77112987585235
        },
        "compute": {
            "block1": [
                1.3604,
                1.3604,
                1.3604,
                1.3604
            ]
        }
    },
    "2": {
        "load": {
            "block1": [
                2.0391364097595215,
                0.0006709098815917969,
                0.0005946159362792969,
                0.0017092227935791016
            ]
        },
        "proc": {
            "block1": [
                3.5417699813842773,
                1.3625450134277344,
                1.3635244369506836,
                1.363600492477417
            ]
        },
        "throughput": {
            "block1": 2.0962946155022597
        },
        "au": {
            "block1": 99.76612338946869
        },
        "compute": {
            "block1": [
                1.3604,
                1.3604,
                1.3604,
                1.3604
            ]
        }
    },
    "3": {
        "load": {
            "block1": [
                1.300896406173706,
                0.0046160221099853516,
                0.0006222724914550781,
                0.0005125999450683594
            ]
        },
        "proc": {
            "block1": [
                3.3069040775299072,
                1.3664746284484863,
                1.3625354766845703,
                1.3634147644042969
            ]
        },
        "throughput": {
            "block1": 2.1620174557755885
        },
        "au": {
            "block1": 99.69638309256301
        },
        "compute": {
            "block1": [
                1.3604,
                1.3604,
                1.3604,
                1.3604
            ]
        }
    },
    "4": {
        "load": {
            "block1": [
                1.9587798118591309,
                0.003964900970458984,
                0.0007662773132324219,
                0.0006358623504638672
            ]
        },
        "proc": {
            "block1": [
                3.6885201930999756,
                1.3658318519592285,
                1.3626890182495117,
                1.3636164665222168
            ]
        },
        "throughput": {
            "block1": 2.056038868524061
        },
        "au": {
            "block1": 99.70023872968461
        },
        "compute": {
            "block1": [
                1.3604,
                1.3604,
                1.3604,
                1.3604
            ]
        }
    },
    "5": {
        "load": {
            "block1": [
                2.108557939529419,
                0.0015876293182373047,
                0.0005428791046142578,
                0.0005395412445068359
            ]
        },
        "proc": {
            "block1": [
                3.470503568649292,
                1.3634536266326904,
                1.363586664199829,
                1.3637678623199463
            ]
        },
        "throughput": {
            "block1": 2.1121887376290793
        },
        "au": {
            "block1": 99.42720120273056
        },
        "compute": {
            "block1": [
                1.3604,
                1.3604,
                1.3604,
                1.3604
            ]
        }
    },
    "hostname": "ubuntu"
}