{
    "1": {
        "load": {
            "block1": [
                1.8582937717437744,
                0.00182342529296875,
                0.0016937255859375
            ]
        },
        "proc": {
            "block1": [
                3.613088607788086,
                1.3648927211761475,
                1.3635447025299072
            ]
        },
        "throughput": {
            "block1": 1.8919885460440728
        },
        "au": {
            "block1": 99.68228080769703
        },
        "compute": {
            "block1": [
                1.3604,
                1.3604,
                1.3604
            ]
        }
    },
    "2": {
        "load": {
            "block1": [
                2.0738236904144287,
                0.0005328655242919922,
                0.0018165111541748047
            ]
        },
        "proc": {
            "block1": [
                3.80940842628479,
                1.3644180297851562,
                1.364198923110962
            ]
        },
        "throughput": {
            "block1": 1.8351069810827922
        },
        "au": {
            "block1": 99.6721597602528
        },
        "compute": {
            "block1": [
                1.3604,
                1.3604,
                1.3604
            ]
        }
    },
    "3": {
        "load": {
            "block1": [
                1.418121576309204,
                0.002741098403930664,
                0.0005431175231933594
            ]
        },
        "proc": {
            "block1": [
                3.6007394790649414,
                1.3645951747894287,
                1.3624677658081055
            ]
        },
        "throughput": {
            "block1": 1.8960169164526577
        },
        "au": {
            "block1": 99.72368509269609
        },
        "compute": {
            "block1": [
                1.3604,
                1.3604,
                1.3604
            ]
        }
    },
    "4": {
        "load": {
            "block1": [
                2.087027072906494,
                0.002471446990966797,
                0.0005776882171630859
            ]
        },
        "proc": {
            "block1": [
                3.4489991664886475,
                1.3644673824310303,
                1.3635385036468506
            ]
        },
        "throughput": {
            "block1": 1.9423195143349137
        },
        "au": {
            "block1": 99.69196371455924
        },
        "compute": {
            "block1": [
                1.3604,
                1.3604,
                1.3604
            ]
        }
    },
    "5": {
        "load": {
            "block1": [
                2.287728786468506,
                0.0005536079406738281,
                0.0016930103302001953
            ]
        },
        "proc": {
            "block1": [
                3.6496975421905518,
                1.3647639751434326,
                1.3636369705200195
            ]
        },
        "throughput": {
            "block1": 1.8733731303218684
        },
        "au": {
            "block1": 98.71139632922977
        },
        "compute": {
            "block1": [
                1.3604,
                1.3604,
                1.3604
            ]
        }
    },
    "hostname": "ubuntu"
}