{
    "1": {
        "load": {
            "block1": [
                1.1404781341552734,
                0.003027200698852539,
                0.0006678104400634766
            ]
        },
        "proc": {
            "block1": [
                3.6132760047912598,
                1.364881992340088,
                1.3635289669036865
            ]
        },
        "throughput": {
            "block1": 1.891959315899234
        },
        "au": {
            "block1": 99.68556686206202
        },
        "compute": {
            "block1": [
                1.3604,
                1.3604,
                1.3604
            ]
        }
    },
    "2": {
        "load": {
            "block1": [
                2.447499990463257,
                0.0005457401275634766,
                0.0021762847900390625
            ]
        },
        "proc": {
            "block1": [
                3.809495210647583,
                1.364445686340332,
                1.3641719818115234
            ]
        },
        "throughput": {
            "block1": 1.8351454543061374
        },
        "au": {
            "block1": 99.68038804038277
        },
        "compute": {
            "block1": [
                1.3604,
                1.3604,
                1.3604
            ]
        }
    },
    "3": {
        "load": {
            "block1": [
                1.806574821472168,
                0.0006508827209472656,
                0.0005865097045898438
            ]
        },
        "proc": {
            "block1": [
                3.6008267402648926,
                1.364546537399292,
                1.362595796585083
            ]
        },
        "throughput": {
            "block1": 1.8960341297571175
        },
        "au": {
            "block1": 99.72900411936159
        },
        "compute": {
            "block1": [
                1.3604,
                1.3604,
                1.3604
            ]
        }
    },
    "4": {
        "load": {
            "block1": [
                1.4106836318969727,
                0.0017442703247070312,
                0.0016379356384277344
            ]
        },
        "proc": {
            "block1": [
                3.4491968154907227,
                1.3644945621490479,
                1.36348295211792
            ]
        },
        "throughput": {
            "block1": 1.9423476228400098
        },
        "au": {
            "block1": 99.70251413977381
        },
        "compute": {
            "block1": [
                1.3604,
                1.3604,
                1.3604
            ]
        }
    },
    "5": {
        "load": {
            "block1": [
                1.6866202354431152,
                0.0017066001892089844,
                0.0005884170532226562
            ]
        },
        "proc": {
            "block1": [
                3.6500051021575928,
                1.3647360801696777,
                1.3636348247528076
            ]
        },
        "throughput": {
            "block1": 1.8746594492592525
        },
        "au": {
            "block1": 98.88424278882908
        },
        "compute": {
            "block1": [
                1.3604,
                1.3604,
                1.3604
            ]
        }
    },
    "hostname": "ubuntu"
}