{
    "1": {
        "load": {
            "block1": [
                1.4693310260772705,
                0.001603841781616211,
                0.001661539077758789
            ]
        },
        "proc": {
            "block1": [
                3.6133344173431396,
                1.3648641109466553,
                1.3635520935058594
            ]
        },
        "throughput": {
            "block1": 1.8919495727183264
        },
        "au": {
            "block1": 99.68651324571914
        },
        "compute": {
            "block1": [
                1.3604,
                1.3604,
                1.3604
            ]
        }
    },
    "2": {
        "load": {
            "block1": [
                2.0670759677886963,
                0.0018486976623535156,
                0.002310514450073242
            ]
        },
        "proc": {
            "block1": [
                3.8094723224639893,
                1.3644373416900635,
                1.364203691482544
            ]
        },
        "throughput": {
            "block1": 1.8351486660568666
        },
        "au": {
            "block1": 99.67996742542405
        },
        "compute": {
            "block1": [
                1.3604,
                1.3604,
                1.3604
            ]
        }
    },
    "3": {
        "load": {
            "block1": [
                2.2263023853302,
                0.0005717277526855469,
                0.0006844997406005859
            ]
        },
        "proc": {
            "block1": [
                3.591733694076538,
                1.364600658416748,
                1.3625547885894775
            ]
        },
        "throughput": {
            "block1": 1.898764353441544
        },
        "au": {
            "block1": 99.72927576652242
        },
        "compute": {
            "block1": [
                1.3604,
                1.3604,
                1.3604
            ]
        }
    },
    "4": {
        "load": {
            "block1": [
                1.6367950439453125,
                0.002654552459716797,
                0.0005671977996826172
            ]
        },
        "proc": {
            "block1": [
                3.449201822280884,
                1.3645093441009521,
                1.363532543182373
            ]
        },
        "throughput": {
            "block1": 1.9423423009006107
        },
        "au": {
            "block1": 99.7020759991918
        },
        "compute": {
            "block1": [
                1.3604,
                1.3604,
                1.3604
            ]
        }
    },
    "5": {
        "load": {
            "block1": [
                2.0112192630767822,
                0.0005540847778320312,
                0.0017590522766113281
            ]
        },
        "proc": {
            "block1": [
                3.6499640941619873,
                1.3647770881652832,
                1.3636157512664795
            ]
        },
        "throughput": {
            "block1": 1.8745423620225758
        },
        "au": {
            "block1": 98.8680403501067
        },
        "compute": {
            "block1": [
                1.3604,
                1.3604,
                1.3604
            ]
        }
    },
    "hostname": "ubuntu"
}