{
    "1": {
        "load": {
            "block1": [
                2.25130558013916,
                0.0006396770477294922,
                0.0011963844299316406
            ]
        },
        "proc": {
            "block1": [
                3.6133148670196533,
                1.3648598194122314,
                1.3635520935058594
            ]
        },
        "throughput": {
            "block1": 1.8919507817207226
        },
        "au": {
            "block1": 99.68594366296254
        },
        "compute": {
            "block1": [
                1.3604,
                1.3604,
                1.3604
            ]
        }
    },
    "2": {
        "load": {
            "block1": [
                1.9509263038635254,
                0.0025789737701416016,
                0.0008864402770996094
            ]
        },
        "proc": {
            "block1": [
                3.8095128536224365,
                1.3644347190856934,
                1.3641932010650635
            ]
        },
        "throughput": {
            "block1": 1.8351469263571594
        },
        "au": {
            "block1": 99.68122927030021
        },
        "compute": {
            "block1": [
                1.3604,
                1.3604,
                1.3604
            ]
        }
    },
    "3": {
        "load": {
            "block1": [
                2.0863983631134033,
                0.002189159393310547,
                0.0005855560302734375
            ]
        },
        "proc": {
            "block1": [
                3.591662645339966,
                1.364668369293213,
                1.3625328540802002
            ]
        },
        "throughput": {
            "block1": 1.8987890664567617
        },
        "au": {
            "block1": 99.7296876186695
        },
        "compute": {
            "block1": [
                1.3604,
                1.3604,
                1.3604
            ]
        }
    },
    "4": {
        "load": {
            "block1": [
                2.0417983531951904,
                0.0010981559753417969,
                0.0013196468353271484
            ]
        },
        "proc": {
            "block1": [
                3.4491209983825684,
                1.364454746246338,
                1.363520860671997
            ]
        },
        "throughput": {
            "block1": 1.9423731085878368
        },
        "au": {
            "block1": 99.7027069216299
        },
        "compute": {
            "block1": [
                1.3604,
                1.3604,
                1.3604
            ]
        }
    },
    "5": {
        "load": {
            "block1": [
                2.014653444290161,
                0.002909421920776367,
                0.0005891323089599609
            ]
        },
        "proc": {
            "block1": [
                3.6499998569488525,
                1.3647582530975342,
                1.3636252880096436
            ]
        },
        "throughput": {
            "block1": 1.8740255237418935
        },
        "au": {
            "block1": 98.80446615165839
        },
        "compute": {
            "block1": [
                1.3604,
                1.3604,
                1.3604
            ]
        }
    },
    "hostname": "ubuntu"
}