{
    "1": {
        "load": {
            "block1": [
                1.4089391231536865,
                0.0006465911865234375,
                0.0006351470947265625,
                0.0005702972412109375,
                0.0020422935485839844,
                0.0016357898712158203
            ]
        },
        "proc": {
            "block1": [
                2.7979302406311035,
                1.3630118370056152,
                1.362734079360962,
                1.3625247478485107,
                1.3648064136505127,
                1.3634817600250244
            ]
        },
        "throughput": {
            "block1": 2.495803772874219
        },
        "au": {
            "block1": 99.76168239652954
        },
        "compute": {
            "block1": [
                1.3604,
                1.3604,
                1.3604,
                1.3604,
                1.3604,
                1.3604
            ]
        }
    },
    "2": {
        "load": {
            "block1": [
                1.305290699005127,
                0.0005667209625244141,
                0.0005517005920410156,
                0.0006721019744873047,
                0.001604318618774414,
                0.0016453266143798828
            ]
        },
        "proc": {
            "block1": [
                2.700101852416992,
                1.3624203205108643,
                1.3624091148376465,
                1.3636503219604492,
                1.3642158508300781,
                1.3635122776031494
            ]
        },
        "throughput": {
            "block1": 2.5215016606272593
        },
        "au": {
            "block1": 99.76424814777774
        },
        "compute": {
            "block1": [
                1.3604,
                1.3604,
                1.3604,
                1.3604,
                1.3604,
                1.3604
            ]
        }
    },
    "3": {
        "load": {
            "block1": [
                1.5310966968536377,
                0.0025620460510253906,
                0.0005702972412109375,
                0.0018968582153320312,
                0.001856088638305664,
                0.0015320777893066406
            ]
        },
        "proc": {
            "block1": [
                3.1549439430236816,
                1.3644115924835205,
                1.3624348640441895,
                1.3637468814849854,
                1.3656690120697021,
                1.3633801937103271
            ]
        },
        "throughput": {
            "block1": 2.4056482752919788
        },
        "au": {
            "block1": 99.71219003638673
        },
        "compute": {
            "block1": [
                1.3604,
                1.3604,
                1.3604,
                1.3604,
                1.3604,
                1.3604
            ]
        }
    },
    "4": {
        "load": {
            "block1": [
                1.3495674133300781,
                0.003239870071411133,
                0.0005514621734619141,
                0.0005273818969726562,
                0.001676321029663086,
                0.001520395278930664
            ]
        },
        "proc": {
            "block1": [
                2.882962226867676,
                1.3650836944580078,
                1.3632760047912598,
                1.3623666763305664,
                1.3641362190246582,
                1.3633520603179932
            ]
        },
        "throughput": {
            "block1": 2.47336601758455
        },
        "au": {
            "block1": 99.72929153958337
        },
        "compute": {
            "block1": [
                1.3604,
                1.3604,
                1.3604,
                1.3604,
                1.3604,
                1.3604
            ]
        }
    },
    "5": {
        "load": {
            "block1": [
                1.450443983078003,
                0.0016603469848632812,
                0.0005440711975097656,
                0.0018219947814941406,
                0.0034017562866210938,
                0.0004940032958984375
            ]
        },
        "proc": {
            "block1": [
                2.9237189292907715,
                1.3634974956512451,
                1.36240553855896,
                1.3636682033538818,
                1.3652548789978027,
                1.3623430728912354
            ]
        },
        "throughput": {
            "block1": 2.4598828986481034
        },
        "au": {
            "block1": 99.54655887589179
        },
        "compute": {
            "block1": [
                1.3604,
                1.3604,
                1.3604,
                1.3604,
                1.3604,
                1.3604
            ]
        }
    },
    "hostname": "ubuntu"
}