{
    "1": {
        "load": {
            "block1": [
                1.4207241535186768,
                0.0005359649658203125,
                0.0008008480072021484,
                0.0005581378936767578,
                0.00283050537109375,
                0.0005578994750976562
            ]
        },
        "proc": {
            "block1": [
                2.7987558841705322,
                1.3623871803283691,
                1.3626606464385986,
                1.3624122142791748,
                1.364675521850586,
                1.3634076118469238
            ]
        },
        "throughput": {
            "block1": 2.4957617571174238
        },
        "au": {
            "block1": 99.77144066357185
        },
        "compute": {
            "block1": [
                1.3604,
                1.3604,
                1.3604,
                1.3604,
                1.3604,
                1.3604
            ]
        }
    },
    "2": {
        "load": {
            "block1": [
                1.3383290767669678,
                0.0005619525909423828,
                0.0005564689636230469,
                0.0018181800842285156,
                0.002393960952758789,
                0.0005321502685546875
            ]
        },
        "proc": {
            "block1": [
                2.7002639770507812,
                1.3624796867370605,
                1.3624155521392822,
                1.363668441772461,
                1.364245891571045,
                1.3634240627288818
            ]
        },
        "throughput": {
            "block1": 2.521485428415554
        },
        "au": {
            "block1": 99.76573081550723
        },
        "compute": {
            "block1": [
                1.3604,
                1.3604,
                1.3604,
                1.3604,
                1.3604,
                1.3604
            ]
        }
    },
    "3": {
        "load": {
            "block1": [
                1.7932517528533936,
                0.0006351470947265625,
                0.0005292892456054688,
                0.0006799697875976562,
                0.0037665367126464844,
                0.000705718994140625
            ]
        },
        "proc": {
            "block1": [
                3.155245304107666,
                1.3644158840179443,
                1.3623988628387451,
                1.3637006282806396,
                1.365626335144043,
                1.3634166717529297
            ]
        },
        "throughput": {
            "block1": 2.4056046410924807
        },
        "au": {
            "block1": 99.713960124338
        },
        "compute": {
            "block1": [
                1.3604,
                1.3604,
                1.3604,
                1.3604,
                1.3604,
                1.3604
            ]
        }
    },
    "4": {
        "load": {
            "block1": [
                1.519378423690796,
                0.0006344318389892578,
                0.0015718936920166016,
                0.0005714893341064453,
                0.002270936965942383,
                0.0010385513305664062
            ]
        },
        "proc": {
            "block1": [
                2.8832199573516846,
                1.3651185035705566,
                1.3634259700775146,
                1.3625361919403076,
                1.3641033172607422,
                1.363182544708252
            ]
        },
        "throughput": {
            "block1": 2.473357995667711
        },
        "au": {
            "block1": 99.73261790288193
        },
        "compute": {
            "block1": [
                1.3604,
                1.3604,
                1.3604,
                1.3604,
                1.3604,
                1.3604
            ]
        }
    },
    "5": {
        "load": {
            "block1": [
                1.5619916915893555,
                0.0005204677581787109,
                0.0005490779876708984,
                0.0006120204925537109,
                0.002389192581176758,
                0.00057220458984375
            ]
        },
        "proc": {
            "block1": [
                2.9239258766174316,
                1.3635168075561523,
                1.3624119758605957,
                1.3637030124664307,
                1.3652145862579346,
                1.3625106811523438
            ]
        },
        "throughput": {
            "block1": 2.4598471929226555
        },
        "au": {
            "block1": 99.54751928004754
        },
        "compute": {
            "block1": [
                1.3604,
                1.3604,
                1.3604,
                1.3604,
                1.3604,
                1.3604
            ]
        }
    },
    "hostname": "ubuntu"
}